[{"artist":"\"Gabriel's Oboe (From \"\"The Mission\"\")\"","Joy":2,"Angry":1,"title":"Coro dell'Accademia Nazionale di Sante Cecilia","Sad":6,"Tender":7,"Erotic":2,"y":-5.6012973634447931,"x":-8.7247627267511554,"Fear":3,"spotifyID":"6pyYgwTqMQNSjoBVi5Wai6"},{"artist":"The Mission: Gabriel's Oboe","Joy":2,"Angry":2,"title":"Roma Sinfonietta","Sad":6,"Tender":6,"Erotic":2,"y":-5.4389960262515622,"x":-7.0361263854250495,"Fear":3,"spotifyID":"4tZIHyRe46VpgRYMJWcqPO"},{"artist":"Shake It Up","Joy":4,"Angry":3,"title":"The Cars","Sad":2,"Tender":3,"Erotic":4,"y":-0.41186623064280037,"x":5.5057357789003936,"Fear":2,"spotifyID":"5OWokvF4QOqMDQ8ByQsm6V"},{"artist":"My Best Friend's Girl","Joy":2,"Angry":2,"title":"The Cars","Sad":1,"Tender":2,"Erotic":3,"y":-3.4731721760419534,"x":6.9638509955988699,"Fear":4,"spotifyID":"1SRkKyJ2JjMZgyDWC30zKv"},{"artist":"You're All I've Got Tonight","Joy":4,"Angry":4,"title":"The Cars","Sad":2,"Tender":2,"Erotic":3,"y":-2.5515292748370193,"x":6.4283131932954944,"Fear":4,"spotifyID":"2RH10TTlPhq8S61rXlVssL"},{"artist":"Let's Go","Joy":4,"Angry":3,"title":"The Cars","Sad":2,"Tender":3,"Erotic":4,"y":-0.46231290769902095,"x":5.8484674185197152,"Fear":2,"spotifyID":"43G3McVkRa8V7oGQzfQuRr"},{"artist":"Drive","Joy":4,"Angry":2,"title":"The Cars","Sad":3,"Tender":5,"Erotic":5,"y":0.81711545795940876,"x":1.1766858802999309,"Fear":3,"spotifyID":"3wfujdbamR3Z46F4xav7LM"},{"artist":"Just What I Needed","Joy":5,"Angry":3,"title":"The Cars","Sad":2,"Tender":3,"Erotic":4,"y":-0.15174469334443857,"x":5.9141236599412643,"Fear":2,"spotifyID":"4alHo6RGd0D3OUbTPExTHN"},{"artist":"Moving In Stereo","Joy":3,"Angry":2,"title":"The Cars","Sad":3,"Tender":4,"Erotic":3,"y":-1.9017760044564533,"x":0.73488733611849799,"Fear":3,"spotifyID":"5xLfQuX5YAfog2JgPz0dpA"},{"artist":"Good Times Roll","Joy":4,"Angry":2,"title":"The Cars","Sad":2,"Tender":3,"Erotic":4,"y":0.13607055162039994,"x":2.7624460483635218,"Fear":2,"spotifyID":"7hVhRCDV100Jq26NGR7adw"},{"artist":"You Might Think","Joy":5,"Angry":2,"title":"The Cars","Sad":2,"Tender":3,"Erotic":4,"y":1.8136218351282332,"x":6.0836489507311775,"Fear":2,"spotifyID":"7BvuV4c1BGhaRapcXvRu5z"},{"artist":"Magic","Joy":3,"Angry":3,"title":"The Cars","Sad":2,"Tender":3,"Erotic":4,"y":-1.6390686569112027,"x":4.7398513344195372,"Fear":3,"spotifyID":"7z8k6KAvjHX3RtkYNhIC9B"},{"artist":"Brothers","Joy":3,"Angry":2,"title":"Ennio Morricone","Sad":5,"Tender":6,"Erotic":4,"y":-4.0872329177448581,"x":-5.9813379991199671,"Fear":2,"spotifyID":"1bA0ykot0FXsQZ2QYgErSD"},{"artist":"Il Buono, Il Cattivo, Il Brutto (The Good, The Bad And The Ugly) (Main Title)","Joy":4,"Angry":4,"title":"Ennio Morricone","Sad":2,"Tender":2,"Erotic":2,"y":-4.9143992901437512,"x":2.8096563977530229,"Fear":5,"spotifyID":"1JSIWsJfxOji0FrxFcxdCK"},{"artist":"Gabriel's Oboe","Joy":1,"Angry":2,"title":"Ennio Morricone","Sad":5,"Tender":6,"Erotic":2,"y":-6.0929112313755658,"x":-5.9710130417834089,"Fear":3,"spotifyID":"6opPrJUpq4Pl5c84eCwLmo"},{"artist":"On Earth As It Is In Heaven","Joy":2,"Angry":4,"title":"Ennio Morricone","Sad":3,"Tender":2,"Erotic":1,"y":-6.9346853623193869,"x":-0.45907746351118744,"Fear":4,"spotifyID":"0DefmqHMWLchBf3VyLTYKq"},{"artist":"\"The Good, The Bad and the Ugly (From \"\"The Good, the Bad and the Ugly\"\") - Titles\"","Joy":3,"Angry":4,"title":"Ennio Morricone","Sad":2,"Tender":2,"Erotic":2,"y":-5.3763125535453415,"x":3.0505532264086512,"Fear":5,"spotifyID":"2IJJszwGK4NWmh3bNK6CPD"},{"artist":"Once upon a time in America (Deborah's theme)","Joy":1,"Angry":2,"title":"Ennio Morricone","Sad":6,"Tender":6,"Erotic":1,"y":-7.6233682851871052,"x":-7.0114935007807011,"Fear":4,"spotifyID":"2C2PHwUzJ37WzCdfF63rwW"},{"artist":"L'Estasi Dell'oro (The Ecstasy Of Gold) - 2004 Digital Remaster","Joy":3,"Angry":2,"title":"Ennio Morricone","Sad":5,"Tender":5,"Erotic":2,"y":-5.3982513192950279,"x":-3.9531029437656686,"Fear":3,"spotifyID":"6PrKZUXJPmBiobMN44yR8Y"},{"artist":"The Mission: Gabriel's Oboe","Joy":2,"Angry":2,"title":"Ennio Morricone","Sad":6,"Tender":6,"Erotic":2,"y":-5.4389960262515622,"x":-7.0361263854250495,"Fear":3,"spotifyID":"4tZIHyRe46VpgRYMJWcqPO"},{"artist":"The Ecstasy of Gold","Joy":1,"Angry":4,"title":"Ennio Morricone","Sad":4,"Tender":3,"Erotic":1,"y":-8.8037225150543712,"x":-1.1695056337384857,"Fear":5,"spotifyID":"2MzaSLi8iFWQQ7fBE3rvDe"},{"artist":"\"Gabriel's Oboe (From \"\"The Mission\"\")\"","Joy":2,"Angry":1,"title":"Ennio Morricone","Sad":6,"Tender":7,"Erotic":2,"y":-5.6012973634447931,"x":-8.7247627267511554,"Fear":3,"spotifyID":"6pyYgwTqMQNSjoBVi5Wai6"},{"artist":"Being Around","Joy":3,"Angry":2,"title":"The Lemonheads","Sad":3,"Tender":4,"Erotic":2,"y":0.95083005123827768,"x":1.4303992513134209,"Fear":2,"spotifyID":"4ESyB6MwAmQJR1rVYDYhMe"},{"artist":"Mrs. Robinson","Joy":3,"Angry":4,"title":"The Lemonheads","Sad":2,"Tender":2,"Erotic":2,"y":-3.2323625607177617,"x":7.6397010338512858,"Fear":4,"spotifyID":"3672j9qcUufXuGwVoXHaeK"},{"artist":"Rudderless","Joy":4,"Angry":3,"title":"The Lemonheads","Sad":3,"Tender":3,"Erotic":3,"y":-1.6840486099828118,"x":4.5885419633392628,"Fear":2,"spotifyID":"6J8IilBI1UB92s1r7wchZG"},{"artist":"My Drug Buddy","Joy":3,"Angry":2,"title":"The Lemonheads","Sad":4,"Tender":5,"Erotic":3,"y":0.22580151342716248,"x":-0.031760517709962327,"Fear":2,"spotifyID":"3qOTX780D7r4q7nwYsVsox"},{"artist":"The Outdoor Type","Joy":3,"Angry":2,"title":"The Lemonheads","Sad":3,"Tender":4,"Erotic":3,"y":-0.68131476966606774,"x":0.36273347930409017,"Fear":2,"spotifyID":"1BkkGRfNPnF5CYzrLe7WGI"},{"artist":"Different Drum","Joy":2,"Angry":4,"title":"The Lemonheads","Sad":3,"Tender":2,"Erotic":4,"y":-0.74646847502598579,"x":7.3354564787617225,"Fear":4,"spotifyID":"0ePTbA4C4dumYSQoAwucdi"},{"artist":"If I Could Talk I'd Tell You","Joy":3,"Angry":3,"title":"The Lemonheads","Sad":3,"Tender":3,"Erotic":3,"y":-1.1105873192301323,"x":4.0982072934751752,"Fear":3,"spotifyID":"0CgcFwodLi7ldrBNgi3ZRW"},{"artist":"It's A Shame About Ray","Joy":3,"Angry":3,"title":"The Lemonheads","Sad":2,"Tender":3,"Erotic":3,"y":-1.6637941847786173,"x":3.2158554808259456,"Fear":2,"spotifyID":"4AzgZff7Jp0zfKljrPWz15"},{"artist":"Confetti","Joy":4,"Angry":4,"title":"The Lemonheads","Sad":2,"Tender":2,"Erotic":3,"y":-2.1724657785692543,"x":6.1767055427144832,"Fear":3,"spotifyID":"243cyD9QNM4fJ2dVBkGuKz"},{"artist":"Into Your Arms","Joy":3,"Angry":2,"title":"The Lemonheads","Sad":4,"Tender":4,"Erotic":2,"y":-2.431619669383152,"x":-0.75425406217833713,"Fear":2,"spotifyID":"22goEULcezLAiENbgpJw7k"},{"artist":"We Go Back - Jarami Remix","Joy":2,"Angry":2,"title":"CHINAH","Sad":3,"Tender":3,"Erotic":4,"y":-2.0427363872621176,"x":2.2863463840711886,"Fear":3,"spotifyID":"3DdQbt1EdmUN7saVPf3JHy"},{"artist":"Away From Me - Gramercy Remix","Joy":2,"Angry":3,"title":"CHINAH","Sad":2,"Tender":3,"Erotic":3,"y":-3.4057278359844778,"x":3.769040303927619,"Fear":4,"spotifyID":"3NtwSrIPSEdpNitIr9Q17S"},{"artist":"Can't Remember How It Feels","Joy":4,"Angry":2,"title":"CHINAH","Sad":2,"Tender":4,"Erotic":6,"y":1.8493964261650044,"x":3.7320116537760724,"Fear":3,"spotifyID":"2lkcEcnwXeB6JuspLocb5T"},{"artist":"Colder - Single Edit","Joy":3,"Angry":2,"title":"CHINAH","Sad":3,"Tender":4,"Erotic":5,"y":1.8748230612269818,"x":3.0656033538884091,"Fear":2,"spotifyID":"7x7aYetdwJJKN7RFiSr2BI"},{"artist":"Away From Me","Joy":1,"Angry":2,"title":"CHINAH","Sad":3,"Tender":4,"Erotic":3,"y":-1.1425727001368864,"x":1.2290516520916652,"Fear":3,"spotifyID":"4JJjiHPX2OEea3xqIosBcJ"},{"artist":"We Go Back","Joy":2,"Angry":2,"title":"CHINAH","Sad":3,"Tender":5,"Erotic":5,"y":0.57156138292078118,"x":1.1780665548861406,"Fear":2,"spotifyID":"0SUHlXon0VcFF67ac2Zj3q"},{"artist":"Minds","Joy":3,"Angry":3,"title":"CHINAH","Sad":2,"Tender":4,"Erotic":4,"y":0.45058510535503599,"x":2.1521390775742519,"Fear":2,"spotifyID":"15JPUKiNTPs1Mxzra4HgoK"},{"artist":"We Go Back - Jarami Remix","Joy":2,"Angry":2,"title":"Skizzy Mars","Sad":3,"Tender":3,"Erotic":4,"y":-2.0427363872621176,"x":2.2863463840711886,"Fear":3,"spotifyID":"3DdQbt1EdmUN7saVPf3JHy"},{"artist":"Atlantic City","Joy":3,"Angry":3,"title":"Bruce Springsteen","Sad":4,"Tender":4,"Erotic":3,"y":-2.0636994568427833,"x":-1.626421300403238,"Fear":3,"spotifyID":"1Vp8U39YNsDfd6yVuaUq12"},{"artist":"The River","Joy":3,"Angry":2,"title":"Bruce Springsteen","Sad":5,"Tender":6,"Erotic":3,"y":-0.67090916411696222,"x":-4.4813682020147283,"Fear":2,"spotifyID":"7HrzErXq3TsKOY1gmdIShB"},{"artist":"Hungry Heart","Joy":5,"Angry":3,"title":"Bruce Springsteen","Sad":2,"Tender":2,"Erotic":3,"y":-1.2368591953280981,"x":3.9532109220092964,"Fear":3,"spotifyID":"1KsI8NEeAna8ZIdojI3FiT"},{"artist":"Streets of Philadelphia","Joy":2,"Angry":2,"title":"Bruce Springsteen","Sad":2,"Tender":3,"Erotic":4,"y":-1.5156344705109213,"x":4.0551158980663793,"Fear":4,"spotifyID":"0oVSvrU612xkj7vbvbUAT2"},{"artist":"Born in the U.S.A.","Joy":3,"Angry":3,"title":"Bruce Springsteen","Sad":3,"Tender":3,"Erotic":3,"y":-0.91559589202258174,"x":3.582292466333608,"Fear":3,"spotifyID":"0dOg1ySSI7NkpAe89Zo0b9"},{"artist":"Thunder Road","Joy":3,"Angry":2,"title":"Bruce Springsteen","Sad":4,"Tender":4,"Erotic":3,"y":-0.84666022807542762,"x":-2.1578410566957484,"Fear":2,"spotifyID":"56lhDZNQ5J47aog6mGKeGk"},{"artist":"Born to Run","Joy":4,"Angry":4,"title":"Bruce Springsteen","Sad":4,"Tender":2,"Erotic":4,"y":-0.46378306713017714,"x":4.7574350610647098,"Fear":3,"spotifyID":"6hTcuIQa0sxrrByu9wTD7s"},{"artist":"I'm on Fire","Joy":3,"Angry":2,"title":"Bruce Springsteen","Sad":2,"Tender":3,"Erotic":3,"y":-1.8314374673273686,"x":3.3505608595964471,"Fear":3,"spotifyID":"3PzsbWSQdLCKDLxn7YZfkM"},{"artist":"Glory Days","Joy":5,"Angry":3,"title":"Bruce Springsteen","Sad":2,"Tender":2,"Erotic":4,"y":-0.78446824361282663,"x":5.3551790939363348,"Fear":2,"spotifyID":"2Y90nL1ohB4sgYELDs7uNx"},{"artist":"Dancing In the Dark","Joy":5,"Angry":4,"title":"Bruce Springsteen","Sad":2,"Tender":3,"Erotic":4,"y":0.084933503316781622,"x":5.7970499757874867,"Fear":2,"spotifyID":"7FwBtcecmlpc1sLySPXeGE"},{"artist":"Sea Stories","Joy":4,"Angry":2,"title":"Sturgill Simpson","Sad":3,"Tender":4,"Erotic":3,"y":0.12806815921235631,"x":2.7498178578848238,"Fear":2,"spotifyID":"4vu8ZGHW0NhsYuA7b3g5OX"},{"artist":"The Promise","Joy":3,"Angry":2,"title":"Sturgill Simpson","Sad":4,"Tender":5,"Erotic":4,"y":0.36948117444190232,"x":-2.5298462084747362,"Fear":2,"spotifyID":"3aGQZDaUDiYwVFhIYph2qv"},{"artist":"In Bloom","Joy":3,"Angry":2,"title":"Sturgill Simpson","Sad":4,"Tender":4,"Erotic":4,"y":0.18494236493986882,"x":0.56178780696474251,"Fear":2,"spotifyID":"5StrN0F4XI5e0BHP32THhl"},{"artist":"Turtles All the Way Down","Joy":3,"Angry":1,"title":"Sturgill Simpson","Sad":4,"Tender":5,"Erotic":4,"y":1.2724316622181855,"x":-1.2071689882629955,"Fear":2,"spotifyID":"4jqlLK0TAslr5Lk0Zpizi8"},{"artist":"All Around You","Joy":4,"Angry":2,"title":"Sturgill Simpson","Sad":3,"Tender":4,"Erotic":4,"y":0.97564891939599274,"x":1.5613463096288684,"Fear":2,"spotifyID":"6Kt4ZcgT2vCUq7QezTTcES"},{"artist":"Brace For Impact (Live A Little)","Joy":4,"Angry":3,"title":"Sturgill Simpson","Sad":2,"Tender":3,"Erotic":3,"y":-0.69276401258555453,"x":5.5640946762105639,"Fear":3,"spotifyID":"1cRc03E5Ps0fwe4l8fz2J0"},{"artist":"Welcome To Earth (Pollywog)","Joy":4,"Angry":2,"title":"Sturgill Simpson","Sad":3,"Tender":4,"Erotic":4,"y":-0.6181571149307703,"x":0.17011326754497866,"Fear":2,"spotifyID":"09uV1Sli9wapcKQmmyaG4E"},{"artist":"Keep It Between The Lines","Joy":5,"Angry":2,"title":"Sturgill Simpson","Sad":2,"Tender":2,"Erotic":5,"y":0.79781290583176967,"x":5.0589427371065216,"Fear":2,"spotifyID":"3JWJiLDqawZtilIo7p0rJ9"},{"artist":"Breakers Roar","Joy":2,"Angry":2,"title":"Sturgill Simpson","Sad":5,"Tender":6,"Erotic":3,"y":-1.0834317551843649,"x":-4.6587896375537898,"Fear":3,"spotifyID":"7rR5X9RKz5VprclstYOLb5"},{"artist":"Call To Arms","Joy":5,"Angry":4,"title":"Sturgill Simpson","Sad":2,"Tender":2,"Erotic":3,"y":-3.2167995548386163,"x":4.9095349167692284,"Fear":4,"spotifyID":"4m1opmaYT9zk5OP7IHUb9R"},{"artist":"Get in Line","Joy":3,"Angry":2,"title":"Ron Sexsmith","Sad":3,"Tender":4,"Erotic":4,"y":0.59077629397197862,"x":1.3753769848316757,"Fear":3,"spotifyID":"2zY8m0MtNmAERE9hnx8Cws"},{"artist":"Sneak Out the Back Door","Joy":3,"Angry":2,"title":"Ron Sexsmith","Sad":5,"Tender":5,"Erotic":3,"y":0.16389281139901229,"x":-4.2824891916186481,"Fear":2,"spotifyID":"14BxCCMhIBKnnVzvD0fd9l"},{"artist":"I Don't Like Mondays","Joy":2,"Angry":2,"title":"Ron Sexsmith","Sad":5,"Tender":6,"Erotic":4,"y":0.53385972742530574,"x":-3.5677972238599085,"Fear":2,"spotifyID":"4udaBQ1lm9BYo1GEfiulxI"},{"artist":"Secret Heart","Joy":2,"Angry":1,"title":"Ron Sexsmith","Sad":5,"Tender":6,"Erotic":4,"y":2.3399901433808301,"x":-4.0185128128890142,"Fear":2,"spotifyID":"3VCxzBKS4TKbu0nRU5kMrw"},{"artist":"Gold In Them Hills","Joy":2,"Angry":2,"title":"Ron Sexsmith","Sad":6,"Tender":6,"Erotic":3,"y":-1.5580950071308564,"x":-6.1637785532058249,"Fear":2,"spotifyID":"3pusYF5fo51M6CL3yC7ztB"},{"artist":"Maybe This Christmas","Joy":3,"Angry":1,"title":"Ron Sexsmith","Sad":4,"Tender":5,"Erotic":2,"y":-1.9184518411471649,"x":-2.9059340141681682,"Fear":3,"spotifyID":"3TrwJl33jfgEJDdwpSa2lK"},{"artist":"The Mission: Gabriel's Oboe","Joy":2,"Angry":2,"title":"Yo-Yo Ma","Sad":6,"Tender":6,"Erotic":2,"y":-5.4389960262515622,"x":-7.0361263854250495,"Fear":3,"spotifyID":"4tZIHyRe46VpgRYMJWcqPO"},{"artist":"\"Gabriel's Oboe (From \"\"The Mission\"\")\"","Joy":2,"Angry":1,"title":"Orchestra dell'Accademia Nazionale di Santa Cecilia","Sad":6,"Tender":7,"Erotic":2,"y":-5.6012973634447931,"x":-8.7247627267511554,"Fear":3,"spotifyID":"6pyYgwTqMQNSjoBVi5Wai6"},{"artist":"YYZ","Joy":4,"Angry":4,"title":"Rush","Sad":2,"Tender":3,"Erotic":4,"y":-2.1416394500931362,"x":6.631742764245768,"Fear":4,"spotifyID":"16VmHob3qAuER46XT8bvI4"},{"artist":"The Spirit Of Radio","Joy":5,"Angry":4,"title":"Rush","Sad":2,"Tender":3,"Erotic":4,"y":1.0650786507483414,"x":6.5894368404959014,"Fear":2,"spotifyID":"3ptER26gZWGlFsPT7HJfqd"},{"artist":"2112: Overture / The Temples Of Syrinx / Discovery - Medley","Joy":2,"Angry":4,"title":"Rush","Sad":3,"Tender":2,"Erotic":2,"y":-6.1263519841565888,"x":1.9712542947173324,"Fear":5,"spotifyID":"1QyZmr3eMkI8TIKU6M9vYa"},{"artist":"Red Barchetta","Joy":3,"Angry":3,"title":"Rush","Sad":3,"Tender":4,"Erotic":4,"y":-0.48312974574206896,"x":2.783520298352868,"Fear":3,"spotifyID":"2pCBiTFypDF8N0z7BZwjI6"},{"artist":"Tom Sawyer","Joy":4,"Angry":3,"title":"Rush","Sad":3,"Tender":3,"Erotic":5,"y":0.60284835749242172,"x":5.619442701105557,"Fear":3,"spotifyID":"06TY7FCbeT7Lu39oZ0IEsN"},{"artist":"Working Man","Joy":3,"Angry":4,"title":"Rush","Sad":3,"Tender":3,"Erotic":4,"y":-0.84835957612528934,"x":2.9208485924955179,"Fear":3,"spotifyID":"2PHYxHUFjHUGmdj8MbVINJ"},{"artist":"Limelight","Joy":4,"Angry":3,"title":"Rush","Sad":3,"Tender":4,"Erotic":3,"y":-0.60214788259184693,"x":3.9779323856376898,"Fear":3,"spotifyID":"5GwgxVE5PlMPGDXmmzYiFe"},{"artist":"Sweet Talkin' Woman","Joy":4,"Angry":3,"title":"Electric Light Orchestra","Sad":2,"Tender":3,"Erotic":4,"y":-0.10853440328429648,"x":3.2198107859549863,"Fear":2,"spotifyID":"0xAhbD6lCf5re1RXl5yiTm"},{"artist":"Don't Bring Me Down","Joy":3,"Angry":4,"title":"Electric Light Orchestra","Sad":2,"Tender":2,"Erotic":4,"y":-2.3390632173635302,"x":7.0209552003966689,"Fear":4,"spotifyID":"72ahyckBJfTigJCFCviVN7"},{"artist":"Evil Woman","Joy":5,"Angry":2,"title":"Electric Light Orchestra","Sad":3,"Tender":4,"Erotic":5,"y":0.979545371417195,"x":3.2816354409359945,"Fear":2,"spotifyID":"05zCw24BdvZKGeC5NXowVe"},{"artist":"Turn to Stone","Joy":4,"Angry":4,"title":"Electric Light Orchestra","Sad":2,"Tender":2,"Erotic":3,"y":-1.8520535795801996,"x":6.1619930848471958,"Fear":3,"spotifyID":"1Pd1h30mgU05QkWYhgFzwt"},{"artist":"Livin' Thing","Joy":5,"Angry":2,"title":"Electric Light Orchestra","Sad":2,"Tender":4,"Erotic":4,"y":-0.25985937156470262,"x":2.7943761005587602,"Fear":2,"spotifyID":"2hdNya0b6Cc2YJ8IyaQIWp"},{"artist":"Last Train to London","Joy":6,"Angry":3,"title":"Electric Light Orchestra","Sad":2,"Tender":3,"Erotic":4,"y":0.063535238104492464,"x":5.4698071747086541,"Fear":2,"spotifyID":"6xE6ZWzK1YDDSYzqOCoQlz"},{"artist":"Mr. Blue Sky","Joy":3,"Angry":3,"title":"Electric Light Orchestra","Sad":3,"Tender":3,"Erotic":3,"y":-3.873973149510201,"x":1.5994647818566123,"Fear":3,"spotifyID":"2RlgNHKcydI9sayD2Df2xp"},{"artist":"Telephone Line","Joy":2,"Angry":2,"title":"Electric Light Orchestra","Sad":4,"Tender":6,"Erotic":3,"y":-1.3002195336077127,"x":-2.7302618130431151,"Fear":2,"spotifyID":"3SPcBPzvbmWLl8NU5efx4W"},{"artist":"When I Was a Boy","Joy":3,"Angry":2,"title":"Electric Light Orchestra","Sad":5,"Tender":5,"Erotic":3,"y":0.29235088388512392,"x":-2.1419667008085592,"Fear":2,"spotifyID":"7oZpnpAQYHe936t9pd3HKr"},{"artist":"Hold On Tight","Joy":4,"Angry":4,"title":"Electric Light Orchestra","Sad":3,"Tender":3,"Erotic":4,"y":0.26947037150149356,"x":3.9205198488643651,"Fear":3,"spotifyID":"6yBbmHFTxihIDFAerzDMGi"},{"artist":"The One I Love","Joy":3,"Angry":3,"title":"R.E.M.","Sad":3,"Tender":3,"Erotic":3,"y":-0.24678018821071229,"x":2.9194658556045949,"Fear":3,"spotifyID":"2fdfsGuqb6SBX5ocoBWHUd"},{"artist":"Shiny Happy People","Joy":4,"Angry":2,"title":"R.E.M.","Sad":3,"Tender":4,"Erotic":4,"y":0.90911316048970048,"x":1.6156812367853111,"Fear":2,"spotifyID":"3sw1PM6wj5aUq3kDrHJsk8"},{"artist":"Losing My Religion","Joy":4,"Angry":2,"title":"R.E.M.","Sad":3,"Tender":4,"Erotic":4,"y":-0.30392404006697138,"x":0.65527078445648113,"Fear":2,"spotifyID":"1ZyBSeyX7ISulW1NARgWFS"},{"artist":"Man On The Moon","Joy":3,"Angry":2,"title":"R.E.M.","Sad":3,"Tender":4,"Erotic":3,"y":0.1972685727426553,"x":1.4302399893248874,"Fear":2,"spotifyID":"3ZSkJEf6bXoYzkJ4uXTL9s"},{"artist":"Imitation Of Life","Joy":3,"Angry":3,"title":"R.E.M.","Sad":4,"Tender":4,"Erotic":4,"y":0.63182438800102869,"x":0.84322281364870688,"Fear":2,"spotifyID":"15B0fnVcLSB6ljuI1YQ2RE"},{"artist":"Drive","Joy":3,"Angry":2,"title":"R.E.M.","Sad":4,"Tender":4,"Erotic":3,"y":-0.12679234756868307,"x":-1.4751356896998553,"Fear":3,"spotifyID":"1g1Qvn9GeCDkbuy71nRUzi"},{"artist":"It's the End of the World As We Know It (And I Feel Fine)","Joy":4,"Angry":5,"title":"R.E.M.","Sad":2,"Tender":2,"Erotic":3,"y":-1.3865487413783051,"x":7.7745378799713301,"Fear":4,"spotifyID":"2oSpQ7QtIKTNFfA08Cy0ku"},{"artist":"Losing My Religion","Joy":4,"Angry":3,"title":"R.E.M.","Sad":3,"Tender":3,"Erotic":4,"y":0.57125482681706918,"x":3.7044347091268,"Fear":2,"spotifyID":"12axV6NUqaYH3yFUWwArzr"},{"artist":"Nightswimming","Joy":3,"Angry":1,"title":"R.E.M.","Sad":6,"Tender":6,"Erotic":4,"y":0.84555005693214991,"x":-5.1472524996355284,"Fear":2,"spotifyID":"1dyMYmE8hfTBrirrIMmDjT"},{"artist":"Everybody Hurts","Joy":2,"Angry":1,"title":"R.E.M.","Sad":6,"Tender":6,"Erotic":4,"y":1.3549123183822736,"x":-3.0495448815993829,"Fear":2,"spotifyID":"3nRTjZW3LYfLcIHxpf8MEX"},{"artist":"Evocation","Joy":1,"Angry":4,"title":"Anna von Hausswolff","Sad":4,"Tender":3,"Erotic":1,"y":-6.4641974815289096,"x":-0.196791105216787,"Fear":6,"spotifyID":"0IqnlQKyZUMvMmnt4oSlgX"},{"artist":"Stranger","Joy":2,"Angry":3,"title":"Anna von Hausswolff","Sad":4,"Tender":4,"Erotic":3,"y":-2.6543929539675029,"x":0.77991053194572191,"Fear":5,"spotifyID":"5ZpdvN5L7zZJkRmjq2l1ex"},{"artist":"Mountains Crave","Joy":3,"Angry":2,"title":"Anna von Hausswolff","Sad":4,"Tender":5,"Erotic":4,"y":0.55386654275946545,"x":0.18676829720516749,"Fear":2,"spotifyID":"76kEf0oIweRqhHvagGmRY4"},{"artist":"Come Wander With Me/Deliverance","Joy":1,"Angry":3,"title":"Anna von Hausswolff","Sad":5,"Tender":5,"Erotic":1,"y":-6.3396390295911704,"x":-3.3491923221748152,"Fear":4,"spotifyID":"5JlinWJDKngcX7lBuMIr3V"},{"artist":"Old Beauty/Du kan nu d","Joy":2,"Angry":1,"title":"Anna von Hausswolff","Sad":6,"Tender":6,"Erotic":2,"y":-3.2591701644281672,"x":-6.8557329320273803,"Fear":3,"spotifyID":"4AZgW8ltohl2Oo7gvlcYta"},{"artist":"Liturgy Of Light","Joy":2,"Angry":2,"title":"Anna von Hausswolff","Sad":6,"Tender":6,"Erotic":2,"y":-3.6467671217835562,"x":-5.0365993932112616,"Fear":3,"spotifyID":"7zX0ndGarwZYlFhGlqoybz"},{"artist":"Discovery","Joy":2,"Angry":3,"title":"Anna von Hausswolff","Sad":3,"Tender":2,"Erotic":1,"y":-7.5063472620226523,"x":0.97651354145413038,"Fear":6,"spotifyID":"2AzIOdWnMAvVrKplInZHoB"},{"artist":"Above All","Joy":2,"Angry":2,"title":"Anna von Hausswolff","Sad":6,"Tender":6,"Erotic":2,"y":-1.8128231502931638,"x":-6.0578234174349834,"Fear":2,"spotifyID":"15qngHgD1YfZMd4iFbN2jb"},{"artist":"Track of Time","Joy":1,"Angry":1,"title":"Anna von Hausswolff","Sad":6,"Tender":7,"Erotic":2,"y":-2.6941298793280866,"x":-6.5993192126866163,"Fear":2,"spotifyID":"636sFpITUxzdVZtXMg7EOf"},{"artist":"Pomperipossa","Joy":2,"Angry":3,"title":"Anna von Hausswolff","Sad":5,"Tender":4,"Erotic":2,"y":-4.1183043666985695,"x":-2.1112425960265035,"Fear":4,"spotifyID":"0h8XC3SypVCETVNgFJKMhe"},{"artist":"\"Gabriel's Oboe (From \"\"The Mission\"\")\"","Joy":2,"Angry":1,"title":"Coro giovanile dell'Accademia Nazionale di Santa Cecilia","Sad":6,"Tender":7,"Erotic":2,"y":-5.6012973634447931,"x":-8.7247627267511554,"Fear":3,"spotifyID":"6pyYgwTqMQNSjoBVi5Wai6"},{"artist":"We Go Back - Jarami Remix","Joy":2,"Angry":2,"title":"Jarami","Sad":3,"Tender":3,"Erotic":4,"y":-2.0427363872621176,"x":2.2863463840711886,"Fear":3,"spotifyID":"3DdQbt1EdmUN7saVPf3JHy"}]